url,is_blog
https://windowstoworlds.wordpress.com/index/,blog
https://windowstoworlds.wordpress.com/features-and-projects/,blog
https://windowstoworlds.wordpress.com/2021/05/20/may-the-best-man-win-zr-ellor/,blog
https://windowstoworlds.wordpress.com/2020/10/29/the-my-life-in-books-tag/,blog
https://windowstoworlds.wordpress.com/2020/11/01/the-never-have-i-ever-book-tag/,blog
https://windowstoworlds.wordpress.com/2020/10/21/the-sunshine-blogger-award/,blog
https://windowstoworlds.wordpress.com/2020/10/17/the-bookish-snob-tag/,blog
https://windowstoworlds.wordpress.com/2020/10/27/the-black-cat-blue-sea-award/,blog
https://windowstoworlds.wordpress.com/about-the-blog/,blog
https://windowstoworlds.wordpress.com/about/,blog
https://windowstoworlds.wordpress.com/2021/05/13/the-other-side-of-perfect-mariko-turk/,blog
https://windowstoworlds.wordpress.com/2021/04/22/these-violent-delights-chloe-gong/,blog
https://windowstoworlds.wordpress.com/2021/04/09/discussion-diversity-in-fantasy-recommendations/,blog
https://windowstoworlds.wordpress.com/review-policy/,blog
https://windowstoworlds.wordpress.com/2021/04/26/in-deeper-waters-ft-lukens/,blog
https://windowstoworlds.wordpress.com/2021/04/07/the-sky-blues-robbie-couch/,blog
https://windowstoworlds.wordpress.com/2021/04/20/the-forest-of-stolen-girls-june-hur/,blog
https://windowstoworlds.wordpress.com/2021/02/13/all-girls-emily-layden/,blog
https://windowstoworlds.wordpress.com/2021/04/15/february-march-wrap-up/,blog
https://windowstoworlds.wordpress.com/2021/04/12/the-infinity-courts-akemi-dawn-bowman/,blog
https://windowstoworlds.wordpress.com/2021/02/19/wings-of-ebony-j-elle/,blog
https://windowstoworlds.wordpress.com/2021/04/02/breathing-underwater-sarah-allen/,blog
https://windowstoworlds.wordpress.com/2021/03/26/lost-in-the-never-woods-aiden-thomas/,blog
https://windowstoworlds.wordpress.com/2021/03/23/the-secret-recipe-for-moving-on-karen-bischer/,blog
https://windowstoworlds.wordpress.com/2021/03/16/tashie-bhuiyan-interview/,blog
https://windowstoworlds.wordpress.com/2021/03/13/its-kind-of-a-cheesy-love-story-lauren-morrill/,blog
https://windowstoworlds.wordpress.com/2021/03/11/follow-your-arrow-jessica-verdi/,blog
https://windowstoworlds.wordpress.com/2021/03/05/cookie-chronicles-matthew-swanson/,blog
https://windowstoworlds.wordpress.com/2021/01/21/glimpsed-g-f-miller/,blog
https://windowstoworlds.wordpress.com/2021/02/16/hot-british-boyfriend-kristy-boyce/,blog
https://windowstoworlds.wordpress.com/2021/02/26/like-home-louisa-onome/,blog
https://windowstoworlds.wordpress.com/2021/02/22/of-silver-and-shadow-jennifer-gruenke/,blog
https://windowstoworlds.wordpress.com/contact/,blog
https://windowstoworlds.wordpress.com/2021/02/11/the-gilded-ones-namina-forna/,blog
https://windowstoworlds.wordpress.com/2021/02/10/battle-of-the-bullies-fenyx-blue/,blog
https://windowstoworlds.wordpress.com/2021/02/07/january-wrap-up/,blog
https://windowstoworlds.wordpress.com/2021/02/03/necropolis-bethan-evans/,blog
https://windowstoworlds.wordpress.com/2021/01/26/wench-maxine-kaplan/,blog
https://windowstoworlds.wordpress.com/2021/01/14/a-crown-of-echoes-brindi-quinn/,blog
https://windowstoworlds.wordpress.com/2021/01/06/you-have-a-match-emma-lord/,blog
https://windowstoworlds.wordpress.com/2021/01/09/december-wrap-up/,blog
https://windowstoworlds.wordpress.com/2020/12/27/after-the-story-announcement/,blog
https://windowstoworlds.wordpress.com/2020/12/01/arc-review-the-stranger-times-by-c-k-mcdonnell/,blog
https://windowstoworlds.wordpress.com/2020/12/19/the-henna-wars/,blog
https://windowstoworlds.wordpress.com/2020/12/14/evermore-book-tag-original/,blog
https://windowstoworlds.wordpress.com/2020/11/11/the-damned-society-by-l-j-elliot/,blog
https://windowstoworlds.wordpress.com/2020/12/16/cover-reveal-an-heir-comes-to-rise/,blog
https://windowstoworlds.wordpress.com/2020/09/06/on-the-come-up-by-angie-thomas/,blog
https://windowstoworlds.wordpress.com/2020/12/05/november-wrap-up/,blog
https://windowstoworlds.wordpress.com/2020/07/31/music-to-listen-to-while-reading/,blog
https://windowstoworlds.wordpress.com/2020/07/31/harry-potter-by-j-k-rowling/,blog
https://windowstoworlds.wordpress.com/2020/07/31/throne-of-glass-by-sarah-j-mass/,blog
https://windowstoworlds.wordpress.com/2020/08/01/what-if-its-us-by-adam-silvera-and-becky-albertalli/,blog
https://windowstoworlds.wordpress.com/2020/09/12/six-of-crows-book-1-in-the-six-of-crows-duology/,blog
https://windowstoworlds.wordpress.com/2020/10/13/crooked-kingdom-book-2-in-the-six-of-crows-duology/,blog
https://windowstoworlds.wordpress.com/2020/11/05/watermelon-by-marian-keyes/,blog
https://windowstoworlds.wordpress.com/2020/11/26/the-scarred-earth-saga-duology-by-g-a-aiken/,blog
https://windowstoworlds.wordpress.com/home/,blog
https://windowstoworlds.wordpress.com,blog
https://paperbacktomes.wordpress.com/review-policy/,blog
https://paperbacktomes.wordpress.com/about-me/,blog
https://paperbacktomes.wordpress.com/2021/05/21/a-conjuring-of-light-book-review-27/,blog
https://paperbacktomes.wordpress.com/2021/05/20/a-gathering-of-shadows-book-review-26/,blog
https://paperbacktomes.wordpress.com/2021/05/10/the-poet-x-book-review-23/,blog
https://paperbacktomes.wordpress.com/2021/05/14/the-gilded-ones-book-review-24/,blog
https://paperbacktomes.wordpress.com/2021/05/17/other-words-for-home-bookreview-25/,blog
https://paperbacktomes.wordpress.com/2021/05/19/www-wednesday-19-05-2021/,blog
https://paperbacktomes.wordpress.com/2021/04/25/quote-it-sundays-25-04-2021/,blog
https://paperbacktomes.wordpress.com/2021/04/18/quote-it-sundays-18-04-2021/,blog
https://paperbacktomes.wordpress.com/2021/04/11/quote-it-sundays-10-04-2021/,blog
https://paperbacktomes.wordpress.com/2021/04/04/quote-it-sundays-04-04-2021/,blog
https://paperbacktomes.wordpress.com/2021/03/28/quote-it-sundays-28-03-2021/,blog
https://paperbacktomes.wordpress.com/2021/03/21/quote-it-sundays-21-03-2021/,blog
https://paperbacktomes.wordpress.com/2021/03/14/quote-it-sundays-13-03-2021/,blog
https://paperbacktomes.wordpress.com/2021/03/07/quote-it-sundays-six-of-kaz-brekker-07-03-2021/,blog
https://paperbacktomes.wordpress.com/2021/02/28/quote-it-sundays-14-02-2021/,blog
https://paperbacktomes.wordpress.com/2021/02/14/quote-it-sundays-valentines-day-ed/,blog
https://paperbacktomes.wordpress.com/2021/02/07/quote-it-sundays-07-02-2021/,blog
https://paperbacktomes.wordpress.com/2021/01/31/quote-it-sundays-31-01-2021/,blog
https://paperbacktomes.wordpress.com/2021/01/24/quote-it-sundays-24-01-2021/,blog
https://paperbacktomes.wordpress.com/2021/01/17/quote-it-sundays-17-01-2021/,blog
https://paperbacktomes.wordpress.com/2021/01/10/quote-it-sundays/,blog
https://paperbacktomes.wordpress.com/2021/05/02/quote-it-sunday-vicious-by-v-e-schwab/,blog
https://paperbacktomes.wordpress.com/2021/05/09/quote-it-sunday-daughter-of-smoke-and-bone-by-laini-taylor/,blog
https://paperbacktomes.wordpress.com/2021/05/16/quote-it-sunday-queen-of-air-and-darkness/,blog
https://paperbacktomes.wordpress.com/2021/03/26/10-exo-b-tracks-that-you-should-listen/,blog
https://paperbacktomes.wordpress.com/2021/05/12/www-wednesday-12-05-2021/,blog
https://paperbacktomes.wordpress.com/2021/05/07/a-cuban-girls-guide-to-tea-and-tomorrow-book-review-22/,blog
https://paperbacktomes.wordpress.com/2021/05/06/winterwood-book-review-21/,blog
https://paperbacktomes.wordpress.com/2021/05/05/www-wednesday-05-05-2021/,blog
https://paperbacktomes.wordpress.com/2021/05/03/blog-tour-the-ones-were-meant-to-find/,blog
https://paperbacktomes.wordpress.com/2021/04/30/april-wrap-up-and-may-tbr/,blog
https://paperbacktomes.wordpress.com/2021/04/28/www-wednesday-28-04-2021/,blog
https://paperbacktomes.wordpress.com/2021/04/26/ultimate-blog-tour-kate-in-waiting-by-becky-albertalli/,blog
https://paperbacktomes.wordpress.com/2021/04/23/the-beautiful-ones-arc-review-23/,blog
https://paperbacktomes.wordpress.com/2021/04/21/www-wednesday-21-04-2021/,blog
https://paperbacktomes.wordpress.com/2021/04/19/10-fantasy-books-im-reading-next/,blog
https://paperbacktomes.wordpress.com/2021/04/16/arc-review-22-the-bone-shard-daughter-book-review-20-rangers-oath/,blog
https://paperbacktomes.wordpress.com/privacy-policy/,blog
https://paperbacktomes.wordpress.com/2021/04/14/www-wednesday-14-04-2021/,blog
https://paperbacktomes.wordpress.com/2021/04/12/to-kill-a-kingdom-book-review-19/,blog
https://paperbacktomes.wordpress.com/2021/04/09/10-motivational-korean-drama-ost/,blog
https://paperbacktomes.wordpress.com/2021/04/08/ranking-my-favourite-exo-shows/,blog
https://paperbacktomes.wordpress.com/2021/04/07/www-wednesday-7-04-2021/,blog
https://paperbacktomes.wordpress.com/2021/04/05/spell-the-month-in-books-april-tbr-ed/,blog
https://paperbacktomes.wordpress.com/2021/04/02/march-wrap-up-and-april-tbr/,blog
https://paperbacktomes.wordpress.com/2021/03/31/www-wednesday-31-03-2021/,blog
https://paperbacktomes.wordpress.com/2021/03/29/mercurial-arc-review-21/,blog
https://paperbacktomes.wordpress.com/2021/03/24/www-wednesday-24-03-2021/,blog
https://paperbacktomes.wordpress.com/2021/03/22/ace-of-spades-arc-review-20/,blog
https://paperbacktomes.wordpress.com/2021/03/19/meet-the-book-blogger-tag/,blog
https://paperbacktomes.wordpress.com/2021/03/18/my-last-summer-with-cass-blog-tour/,blog
https://paperbacktomes.wordpress.com/2021/03/17/www-wednesday-17-03-2021/,blog
https://paperbacktomes.wordpress.com/2021/03/15/a-court-of-silver-flames-book-review-18/,blog
https://paperbacktomes.wordpress.com/2021/03/12/get-to-know-the-fantasy-reader-tag/,blog
https://paperbacktomes.wordpress.com/2021/03/10/www-wednesday-10-03-2021/,blog
https://paperbacktomes.wordpress.com/2021/03/08/an-ember-in-the-ashes-book-review-17/,blog
https://paperbacktomes.wordpress.com/2021/02/15/six-of-crows-book-review-15/,blog
https://paperbacktomes.wordpress.com/2021/03/05/3-bookish-things-book-tag/,blog
https://paperbacktomes.wordpress.com/2021/03/03/www-wednesday-3-03-2021/,blog
https://paperbacktomes.wordpress.com/2021/03/01/february-wrap-up-and-march-tbr/,blog
https://paperbacktomes.wordpress.com/2021/01/06/www-wednesday-6-01-2021/,blog
https://paperbacktomes.wordpress.com/2021/01/13/www-wednesday-13-01-2021/,blog
https://paperbacktomes.wordpress.com/2021/01/15/mysterious-blogger-award-and-the-outstanding-blogger-award-2/,blog
https://paperbacktomes.wordpress.com/2021/01/18/hall-of-smoke-arc-review-13/,blog
https://paperbacktomes.wordpress.com/2021/01/20/www-wednesday-20-01-2021/,blog
https://paperbacktomes.wordpress.com/2021/01/22/slingshot-arc-review-14/,blog
https://paperbacktomes.wordpress.com/2021/01/25/greek-mythology-arc-review-15/,blog
https://paperbacktomes.wordpress.com/2021/01/27/www-wednesday-27-01-2021/,blog
https://paperbacktomes.wordpress.com/2021/02/03/www-wednesday-3-02-2021/,blog
https://paperbacktomes.wordpress.com/2021/02/05/a-deadly-education-arc-review-17/,blog
https://paperbacktomes.wordpress.com/2021/02/08/you-and-me-on-vacation-arc-review-18/,blog
https://paperbacktomes.wordpress.com/2021/02/10/www-wednesday-10-02-2021/,blog
https://paperbacktomes.wordpress.com/2021/02/12/the-fantasy-winter-retreat-book-tag/,blog
https://paperbacktomes.wordpress.com/2021/02/17/www-wednesday-17-02-2021/,blog
https://paperbacktomes.wordpress.com/2021/02/19/the-mystery-blogger-award-2/,blog
https://paperbacktomes.wordpress.com/2021/02/21/blog-tour-calico-thunder-rides-again/,blog
https://paperbacktomes.wordpress.com/2021/02/22/these-violent-delights-book-review-16/,blog
https://paperbacktomes.wordpress.com/2021/02/24/www-wednesday-24-02-2021/,blog
https://paperbacktomes.wordpress.com/2021/02/26/the-stolen-kingdom-arc-review-19/,blog
https://paperbacktomes.wordpress.com/2021/02/01/jan-wrap-up-and-feb-tbr/,blog
https://paperbacktomes.wordpress.com/2021/01/29/rise-of-the-red-hand-arc-review-16/,blog
https://paperbacktomes.wordpress.com/2021/01/08/fable-arc-review-12/,blog
https://paperbacktomes.wordpress.com/2021/01/11/from-blood-and-ash-book-review-14/,blog
https://paperbacktomes.wordpress.com/2021/01/04/the-night-circus-book-review-13/,blog
https://paperbacktomes.wordpress.com/2020/12/30/a-darker-shade-of-magic-book-review-12/,blog
https://paperbacktomes.wordpress.com/2021/01/01/2020-wrap-up-and-new-year-goals/,blog
https://paperbacktomes.wordpress.com/2020/12/25/merry-christmas-%f0%9f%8e%84-funtastic-friday-9/,blog
https://paperbacktomes.wordpress.com/2020/12/31/my-most-and-least-favorite-books-of-2020/,blog
https://paperbacktomes.wordpress.com/2020/12/28/10-new-releases-of-2021-i-cant-wait-to-read/,blog
https://paperbacktomes.wordpress.com/2020/12/27/classics-i-wish-to-read-in-2021/,blog
https://paperbacktomes.wordpress.com/2020/12/23/lava-red-feather-blue-arc-review-11/,blog
https://paperbacktomes.wordpress.com/2020/12/21/a-curse-of-ash-embers-arc-review-10/,blog
https://paperbacktomes.wordpress.com/2020/12/20/fantasy-books-on-my-2021-tbr/,blog
https://paperbacktomes.wordpress.com/2020/12/18/mexican-gothic-book-review-11/,blog
https://paperbacktomes.wordpress.com/2020/11/27/funtastic-friday-7-10-motivational-exo-lyrics-quotes/,blog
https://paperbacktomes.wordpress.com/2020/12/16/ruin-and-rising-book-review-10/,blog
https://paperbacktomes.wordpress.com/2020/12/02/2020-november-wrap-up-december-tbr/,blog
https://paperbacktomes.wordpress.com/2020/12/14/stardust-book-review-9/,blog
https://paperbacktomes.wordpress.com/2020/12/11/funtastic-friday-8-5-hilarious-things-about-me-tag-quotes/,blog
https://paperbacktomes.wordpress.com/2020/12/09/siege-and-storm-book-review-8/,blog
https://paperbacktomes.wordpress.com/2020/12/07/amelia-unabridged-arc-review-9/,blog
https://paperbacktomes.wordpress.com/2020/12/04/two-blogger-award-nominations/,blog
https://paperbacktomes.wordpress.com/2020/10/19/review-4-remember-me/,blog
https://fight-oh.blogspot.com/2008/09/i-20-years-old.html,blog
https://fight-oh.blogspot.com/2008/08/visiting-grannies.html,blog
https://paperbacktomes.wordpress.com/2020/10/08/arc-review-one-to-watch/,blog
https://paperbacktomes.wordpress.com/2020/10/28/shadow-and-bone-book-review-5/,blog
https://paperbacktomes.wordpress.com/2020/11/30/the-ravens-arc-review-8/,blog
https://fight-oh.blogspot.com/2008/08/kurosagi-love-or-like.html,blog
https://fight-oh.blogspot.com/2008/07/review-update-31-july-2008.html,blog
https://fight-oh.blogspot.com/2008/07/you-are-my-best-friend.html,blog
https://paperbacktomes.wordpress.com/2020/10/16/funtastic-friday-4-bone-chilling-fictional-characters/,blog
https://paperbacktomes.wordpress.com/2020/11/06/funtastic-friday-6-10-quotes-from-dracula/,blog
https://paperbacktomes.wordpress.com/2020/11/09/november-releases-i-cant-wait-to-read/,blog
https://paperbacktomes.wordpress.com/2020/11/16/young-adult-novels-on-my-tbr/,blog
https://fight-oh.blogspot.com/2008/07/blabbers-3-long-post-yes.html,blog
https://fight-oh.blogspot.com/2008/07/moving-posts-from.html,blog
https://fight-oh.blogspot.com/2008/04/life-these-days.html,blog
https://paperbacktomes.wordpress.com/2020/11/23/the-pumpkin-spice-latte-book-tag%f0%9f%8d%82/,blog
https://paperbacktomes.wordpress.com/2020/11/13/karolina-and-the-torn-curtain-arc-review-6/,blog
https://fight-oh.blogspot.com/2008/04/moving-on.html,blog
https://fight-oh.blogspot.com/2008/04/self-talk-1.html,blog
https://fight-oh.blogspot.com/2008/03/book-frenzy.html,blog
https://fight-oh.blogspot.com/2008/03/blabbers-1-post-too-long.html,blog
https://paperbacktomes.wordpress.com/2020/11/25/circe-book-review-7/,blog
https://paperbacktomes.wordpress.com/2020/11/11/my-first-liebster-award-nomination/,blog
https://fight-oh.blogspot.com/2020/02/this-post-doesnt-make-sense.html,blog
https://fight-oh.blogspot.com/2020/02/15th-blog-anniversary-post.html,blog
https://fight-oh.blogspot.com/2020/01/this-escalated-to-something-else.html,blog
https://fight-oh.blogspot.com/2010/05/may-12th-at-random.html,blog
https://fight-oh.blogspot.com/2010/05/zero.html,blog
https://fight-oh.blogspot.com/2010/05/nervous-butterflies.html,blog
https://fight-oh.blogspot.com/2008/02/random-ness-1-of-death-music.html,blog
https://fight-oh.blogspot.com/2008/01/my-labels-explained.html,blog
https://fight-oh.blogspot.com/2008/01/new-home-continuation.html,blog
https://paperbacktomes.wordpress.com/contact-me/,blog
https://paperbacktomes.wordpress.com/2020/09/08/harry-potter-and-the-role-of-the-oracle/,blog
https://paperbacktomes.wordpress.com/2020/11/20/dearest-josephine-arc-review-7/,blog
https://paperbacktomes.wordpress.com/2020/10/14/arc-review-2-the-midnight-bargain/,blog
https://fight-oh.blogspot.com/2020/01/13-books-i-purchased-recently.html,blog
https://fight-oh.blogspot.com/2020/01/librarything-and-some-other-things.html,blog
https://fight-oh.blogspot.com/2020/01/sorry-mr-postman.html,blog
https://fight-oh.blogspot.com/2020/01/first-post-in-year-2020.html,blog
https://fight-oh.blogspot.com/2010/05/important-date.html,blog
https://fight-oh.blogspot.com/2010/05/its-saturday.html,blog
https://fight-oh.blogspot.com/2010/05/friday-5-may-7th-ed.html,blog
https://fight-oh.blogspot.com/2007/05/life-is-fun-unpredictable.html,blog
https://fight-oh.blogspot.com/2007/04/away.html,blog
https://fight-oh.blogspot.com/2021/05/i-have-more.html,blog
https://fight-oh.blogspot.com/2021/05/one-of-my-favourite-things.html,blog
https://fight-oh.blogspot.com/2021/05/too-many.html,blog
https://paperbacktomes.wordpress.com/2020/10/19/arc-review-3-the-haunting-of-beatrix-greene-episode-1/,blog
https://paperbacktomes.wordpress.com/2020/10/21/the-conjurer-arc-review/,blog
https://paperbacktomes.wordpress.com/2020/10/26/black-witch-magic-arc-review-5/,blog
https://paperbacktomes.wordpress.com/2020/11/18/dracula-book-review-6/,blog
https://fight-oh.blogspot.com/2019/12/last-day-of-2019-at-random.html,blog
https://fight-oh.blogspot.com/2019/12/online-book-shopper.html,blog
https://fight-oh.blogspot.com/2019/12/sleepy-day.html,blog
https://fight-oh.blogspot.com/2019/12/weak-against-books.html,blog
https://fight-oh.blogspot.com/2010/05/behind-courses-2.html,blog
https://fight-oh.blogspot.com/2010/05/behind-courses-1.html,blog
https://fight-oh.blogspot.com/2010/05/may-4th-at-random.html,blog
https://fight-oh.blogspot.com/2007/03/what-new.html,blog
https://fight-oh.blogspot.com/2007/03/another-interesting-bio-practical.html,blog
https://fight-oh.blogspot.com/2021/05/positive-pessimist.html,blog
https://fight-oh.blogspot.com/2021/05/roku-yon-six-four.html,blog
https://paperbacktomes.wordpress.com/2020/11/04/october-wrap-up-and-november-tbr/,blog
https://paperbacktomes.wordpress.com/2020/11/02/%f0%9f%8d%81-fall-book-covers-on-my-tbr-%f0%9f%8d%81/,blog
https://paperbacktomes.wordpress.com/2020/10/30/spooktastic-friday/,blog
https://fight-oh.blogspot.com/2019/12/5-random-posts-from-my-tumblr.html,blog
https://fight-oh.blogspot.com/2019/12/13-youtubers-i-watch-regularly.html,blog
https://fight-oh.blogspot.com/2010/05/exam-s2-final-week.html,blog
https://fight-oh.blogspot.com/2010/05/coffee-break.html,blog
https://fight-oh.blogspot.com/2007/02/enjoying-form-6-life.html,blog
https://fight-oh.blogspot.com/2007/01/blur-ry-week.html,blog
https://fight-oh.blogspot.com/2021/05/rainy-lazy-sunday.html,blog
https://fight-oh.blogspot.com/2021/05/i-should-go-shepard.html,blog
https://paperbacktomes.wordpress.com/2020/10/05/spooky-month-tbr/,blog
https://paperbacktomes.wordpress.com/2020/10/12/review-3-shiver/,blog
https://fight-oh.blogspot.com/2019/12/me-on-christmas-day.html,blog
https://fight-oh.blogspot.com/2019/12/book-addict.html,blog
https://fight-oh.blogspot.com/2010/05/exam-s2-2nd-week.html,blog
https://fight-oh.blogspot.com/2007/01/back-to-school-2007.html,blog
https://fight-oh.blogspot.com/2006/11/this-and-that-1.html,blog
https://fight-oh.blogspot.com/2006/11/something.html,blog
https://fight-oh.blogspot.com/2021/05/dont-call-me.html,blog
https://fight-oh.blogspot.com/2021/05/unwritten-story.html,blog
https://fight-oh.blogspot.com/2021/05/the-jar.html,blog
https://fight-oh.blogspot.com/2021/05/what-what-what-what.html,blog
https://paperbacktomes.wordpress.com/2020/10/23/funtastic-friday-5-halloween-reads-on-my-tbr/,blog
https://paperbacktomes.wordpress.com/2020/09/28/bookish-musings-silver-flames-cover/,blog
https://fight-oh.blogspot.com/2019/12/me-on-christmas-eve.html,blog
https://fight-oh.blogspot.com/2010/04/exam-s2-1st-week.html,blog
https://fight-oh.blogspot.com/2006/10/more-on-school.html,blog
https://fight-oh.blogspot.com/2006/09/yatta.html,blog
https://fight-oh.blogspot.com/2021/05/11-years-later.html,blog
https://fight-oh.blogspot.com/2021/05/should-i.html,blog
https://fight-oh.blogspot.com/2021/05/ice-cream.html,blog
https://paperbacktomes.wordpress.com/2020/09/21/what-im-reading-this-week/,blog
https://paperbacktomes.wordpress.com/2020/09/13/my-reading-tips/,blog
https://fight-oh.blogspot.com/2019/12/i-still-eat-now.html,blog
https://fight-oh.blogspot.com/2019/12/me-on-22-dec-2019.html,blog
https://fight-oh.blogspot.com/2019/12/me-on-21-dec-2019.html,blog
https://fight-oh.blogspot.com/2010/04/blast-from-past.html,blog
https://fight-oh.blogspot.com/2010/04/loving-april.html,blog
https://fight-oh.blogspot.com/2010/03/bad-feelings.html,blog
https://fight-oh.blogspot.com/2010/02/weird-week.html,blog
https://fight-oh.blogspot.com/2006/09/friday-birthday.html,blog
https://fight-oh.blogspot.com/2006/08/no-chemistry-teacher-for-this-year.html,blog
https://fight-oh.blogspot.com/2021/05/pandan-day.html,blog
https://fight-oh.blogspot.com/2021/05/soon-is-today.html,blog
https://paperbacktomes.wordpress.com/2020/09/10/top-5-thursday-classic-novels-edition/,blog
https://paperbacktomes.wordpress.com/2020/09/18/revisiting-the-20th-century-through-historical-fictions/,blog
https://fight-oh.blogspot.com/2019/12/december-20th-at-random.html,blog
https://fight-oh.blogspot.com/2019/12/durian-chocolate.html,blog
https://fight-oh.blogspot.com/2010/02/saturday-9-feb-20th-ed.html,blog
https://fight-oh.blogspot.com/2010/02/recently-purchased-books.html,blog
https://fight-oh.blogspot.com/2006/07/feeling-appreciated.html,blog
https://fight-oh.blogspot.com/2006/07/trust-no-one.html,blog
https://fight-oh.blogspot.com/2006/06/first-week-in-school-after-lessons.html,blog
https://fight-oh.blogspot.com/2006/06/proud-to-be-f6-student.html,blog
https://fight-oh.blogspot.com/2021/05/on-off.html,blog
https://fight-oh.blogspot.com/2021/05/accidental-record.html,blog
https://fight-oh.blogspot.com/2021/05/lazy-monday.html,blog
https://paperbacktomes.wordpress.com/2020/09/20/chens-songs-as-book-covers/,blog
https://fight-oh.blogspot.com/2019/12/of-old-posts-old-fandoms.html,blog
https://fight-oh.blogspot.com/2019/12/some-blog-stuff.html,blog
https://fight-oh.blogspot.com/2019/12/if-i-can-do-it-now-ill-do-it-now.html,blog
https://fight-oh.blogspot.com/2010/02/name.html,blog
https://fight-oh.blogspot.com/2010/02/feb-15th-at-random.html,blog
https://fight-oh.blogspot.com/2010/02/saturday-9-feb-13rd-ed.html,blog
https://fight-oh.blogspot.com/2010/01/oh-look-february-is-come.html,blog
https://fight-oh.blogspot.com/2010/01/saturday-six-jan-30th-ed.html,blog
https://fight-oh.blogspot.com/2006/06/know-what-you-want.html,blog
https://fight-oh.blogspot.com/2006/06/first-day-in-school-f6.html,blog
https://fight-oh.blogspot.com/2006/06/random-ness.html,blog
https://fight-oh.blogspot.com/2006/04/friend-kurosagi-form-6.html,blog
https://fight-oh.blogspot.com/2021/05/i-hear-thunder.html,blog
https://fight-oh.blogspot.com/2021/05/first-saturday-of-may.html,blog
https://paperbacktomes.wordpress.com/2020/09/16/five-poems-of-my-favorite-poet/,blog
https://fight-oh.blogspot.com/2019/12/not-excited-for-christmas.html,blog
https://fight-oh.blogspot.com/2019/12/me-on-14-dec-2019.html,blog
https://fight-oh.blogspot.com/2019/12/worrier.html,blog
https://fight-oh.blogspot.com/2010/01/meme-friday-frustrations-semester-2-so.html,blog
https://fight-oh.blogspot.com/2010/01/lazy-lazy-land.html,blog
https://fight-oh.blogspot.com/2010/01/me-not-me.html,blog
https://fight-oh.blogspot.com/2010/01/headache-please-go-away.html,blog
https://fight-oh.blogspot.com/2006/03/13-march-spm-results.html,blog
https://fight-oh.blogspot.com/2006/02/thought-on-otoko.html,blog
https://fight-oh.blogspot.com/2006/02/some-endings.html,blog
https://fight-oh.blogspot.com/2006/01/nobuta-power-enter.html,blog
https://fight-oh.blogspot.com/2005/12/black-christmas.html,blog
https://fight-oh.blogspot.com/2021/04/doing-online-quizzes-again.html,blog
https://fight-oh.blogspot.com/2021/04/i-want-some.html,blog
https://fight-oh.blogspot.com/2021/04/more-books.html,blog
https://paperbacktomes.wordpress.com/2020/10/02/funtastic-friday/,blog
https://fight-oh.blogspot.com/2019/12/arashi-on-netflix.html,blog
https://fight-oh.blogspot.com/2019/12/use-them.html,blog
https://fight-oh.blogspot.com/2010/01/introvert-or-extrovert.html,blog
https://fight-oh.blogspot.com/2010/01/tiring-monday.html,blog
https://fight-oh.blogspot.com/2005/12/another-sad-day.html,blog
https://fight-oh.blogspot.com/2005/11/yes-it-over.html,blog
https://fight-oh.blogspot.com/2005/10/what-i-did-today.html,blog
https://www.booktasticallymazing.com,blog
https://www.booktasticallymazing.com/badges-awards,blog
https://fight-oh.blogspot.com/2021/04/normal-day.html,blog
https://fight-oh.blogspot.com/2021/04/ninos-channel.html,blog
https://paperbacktomes.wordpress.com/2020/09/25/funtastic-friday-quotes-time/,blog
https://paperbacktomes.wordpress.com/2020/10/09/funtastic-friday-3-an-exrtawordinary-post/,blog
https://paperbacktomes.wordpress.com/2020/09/23/review-with-the-fire-on-high/,blog
https://fight-oh.blogspot.com/2019/12/the-other-sabrina-book.html,blog
https://fight-oh.blogspot.com/2019/12/a-short-photo-log.html,blog
https://fight-oh.blogspot.com/2019/12/it-rained-today-too.html,blog
https://fight-oh.blogspot.com/2010/01/lexicons.html,blog
https://fight-oh.blogspot.com/2010/01/books-again.html,blog
https://fight-oh.blogspot.com/2010/01/flowers-in-march.html,blog
https://fight-oh.blogspot.com/2010/01/meme-new-vs-usual.html,blog
https://fight-oh.blogspot.com/2010/01/stop-reading.html,blog
https://fight-oh.blogspot.com/2005/09/aaaiiiiisigh.html,blog
https://fight-oh.blogspot.com/2005/09/i-sorry-mr-ooi.html,blog
https://fight-oh.blogspot.com/2005/08/more-about-life.html,blog
https://fight-oh.blogspot.com/2005/08/lets-get-quiet.html,blog
https://fight-oh.blogspot.com/2005/08/sweet.html,blog
https://www.booktasticallymazing.com/bookish-ramblings,blog
https://www.booktasticallymazing.com/contact,blog
https://www.booktasticallymazing.com/policies,blog
https://fight-oh.blogspot.com/2021/04/sunnyday.html,blog
https://fight-oh.blogspot.com/2021/04/cant-leave.html,blog
https://fight-oh.blogspot.com/2021/04/keep-it-simple.html,blog
https://paperbacktomes.wordpress.com/2020/09/30/review-the-nightingale/,blog
https://paperbacktomes.wordpress.com,blog
https://fight-oh.blogspot.com/2019/12/beyond-my-twitter.html,blog
https://fight-oh.blogspot.com/2019/12/saturday-9-07-dec-2019.html,blog
https://fight-oh.blogspot.com/2019/12/old-sabrina-book.html,blog
https://fight-oh.blogspot.com/2019/12/december-5th-at-random.html,blog
https://fight-oh.blogspot.com/2010/01/meme-wisdom-at-twenty-one.html,blog
https://fight-oh.blogspot.com/2010/01/my-day.html,blog
https://fight-oh.blogspot.com/2010/01/jan-17th-at-random.html,blog
https://fight-oh.blogspot.com/2010/01/meme-when-we-was-fab.html,blog
https://fight-oh.blogspot.com/2005/08/school-thinking.html,blog
https://fight-oh.blogspot.com/2005/08/it-confirmed.html,blog
https://www.booktasticallymazing.com/the-review,blog
https://fight-oh.blogspot.com/2021/04/my-space-themed-knitted-pillow-case.html,blog
https://fight-oh.blogspot.com/2021/04/the-usual-thing.html,blog
https://fight-oh.blogspot.com/2021/04/distraction-is-my-ally-most-of-time.html,blog
https://fight-oh.blogspot.com/2021/04/shady-fp-rider.html,blog
https://fight-oh.blogspot.com/2019/12/losing-interest.html,blog
https://fight-oh.blogspot.com/2019/12/reading-slump.html,blog
https://fight-oh.blogspot.com/2019/12/urge-to-create-art.html,blog
https://fight-oh.blogspot.com/2010/01/i-dreamt-dreams.html,blog
https://fight-oh.blogspot.com/2010/01/dinner-update.html,blog
https://fight-oh.blogspot.com/2005/08/i-think-i-sick.html,blog
https://fight-oh.blogspot.com/2005/08/oo-oh-no.html,blog
https://fight-oh.blogspot.com/2005/06/hospital-lagu-kebangsaan.html,blog
https://fight-oh.blogspot.com/2005/05/i-will-give-them-big-surprise-after.html,blog
https://fight-oh.blogspot.com/2021/04/dear-diary.html,blog
https://fight-oh.blogspot.com/2021/04/saturday-wonders.html,blog
https://fight-oh.blogspot.com/2021/04/0-or-100.html,blog
https://fight-oh.blogspot.com/2019/12/5-new-things-i-found-out-about-myself.html,blog
https://fight-oh.blogspot.com/2019/03/march-2nd-at-random.html,blog
https://fight-oh.blogspot.com/2019/01/tt.html,blog
https://fight-oh.blogspot.com/2010/01/post-that-doesnt-make-sense.html,blog
https://fight-oh.blogspot.com/2010/01/jan-12th-at-random.html,blog
https://fight-oh.blogspot.com/2010/01/light-blue-monday.html,blog
https://fight-oh.blogspot.com/2010/01/unique.html,blog
https://fight-oh.blogspot.com/2010/01/checklist-jan-2010.html,blog
https://fight-oh.blogspot.com/2010/01/other-class.html,blog
https://fight-oh.blogspot.com/2005/05/happy-holiday.html,blog
https://fight-oh.blogspot.com/2005/05/my-heart-never-stops-beating-it-never.html,blog
https://fight-oh.blogspot.com/2021/04/one-two-three-and-four.html,blog
https://fight-oh.blogspot.com/2021/04/nope.html,blog
https://fight-oh.blogspot.com/2021/04/it-was-monday-in-2009.html,blog
https://fight-oh.blogspot.com/2021/04/a-bit.html,blog
https://fight-oh.blogspot.com/2021/04/raining-cats-and-dogs.html,blog
https://fight-oh.blogspot.com/2019/01/randomness-2019.html,blog
https://fight-oh.blogspot.com/2017/09/birthday-post-2017.html,blog
https://fight-oh.blogspot.com/2015/07/piano-exam-g6.html,blog
https://fight-oh.blogspot.com/2014/01/akemashite-omedetou-gozaimasu.html,blog
https://fight-oh.blogspot.com/2010/01/past-present.html,blog
https://fight-oh.blogspot.com/2010/01/latest-peeves.html,blog
https://fight-oh.blogspot.com/2010/01/jan-5th-at-random.html,blog
https://fight-oh.blogspot.com/2010/01/13.html,blog
https://www.booktasticallymazing.com/post/2021-bookish-tbr,blog
https://www.booktasticallymazing.com/post/5-bookish-things-i-do-that-are-probably-not-normal,blog
https://fight-oh.blogspot.com/2005/05/check-this-out-pics-from-suyoupengcom.html,blog
https://fight-oh.blogspot.com/2005/05/see-this.html,blog
https://fight-oh.blogspot.com/2005/04/wo-de-diao-man-gong-zhu-starts-filming.html,blog
https://fight-oh.blogspot.com/2021/04/go-opposite-way.html,blog
https://fight-oh.blogspot.com/2021/04/rumour-has-it.html,blog
https://fight-oh.blogspot.com/2013/06/spoilers.html,blog
https://fight-oh.blogspot.com/2013/03/suiyoubi.html,blog
https://fight-oh.blogspot.com/2010/01/just-pictures.html,blog
https://fight-oh.blogspot.com/2010/01/tomorrow.html,blog
https://www.booktasticallymazing.com/post/a-quiet-kind-of-thunder-book-review,blog
https://www.booktasticallymazing.com/post/aesthete-blogger-award,blog
https://www.booktasticallymazing.com/post/agnes-at-the-end-of-the-world-by-kelly-mcwilliams,blog
https://www.booktasticallymazing.com/post/amelia-unabridged,blog
https://fight-oh.blogspot.com/2005/04/what-is-in-my-mind.html,blog
https://fight-oh.blogspot.com/2005/04/exam-started-today.html,blog
https://fight-oh.blogspot.com/2021/04/kamala.html,blog
https://fight-oh.blogspot.com/2021/04/the-bob-cut.html,blog
https://fight-oh.blogspot.com/2021/04/just-tuesday-as-usual.html,blog
https://fight-oh.blogspot.com/2013/03/getsuyoubi.html,blog
https://fight-oh.blogspot.com/2013/03/march-15th-at-random.html,blog
https://fight-oh.blogspot.com/2012/12/the-real-final-post-of-2012.html,blog
https://fight-oh.blogspot.com/2012/12/my-heart-smiled-quietly.html,blog
https://fight-oh.blogspot.com/2010/01/whole-new-year.html,blog
https://fight-oh.blogspot.com/2009/12/i-wont-miss-you-2009.html,blog
https://fight-oh.blogspot.com/2009/12/exam-s1-results.html,blog
https://www.booktasticallymazing.com/post/april-bookish-wrap-up,blog
https://viectoria.com/aprender-algo-novo/,blog
https://viectoria.com/viectoria-3/,blog
https://viectoria.com/viectoria-4/,blog
https://viectoria.com/viectoria-2-2/,blog
https://fight-oh.blogspot.com/2005/04/day-will-come.html,blog
https://fight-oh.blogspot.com/2005/04/alec-and-jang-nara.html,blog
https://fight-oh.blogspot.com/2005/03/youpeng-i-don-like-you.html,blog
https://fight-oh.blogspot.com/2021/04/cable-knitting.html,blog
https://fight-oh.blogspot.com/2012/12/exclusion.html,blog
https://fight-oh.blogspot.com/2012/10/realization.html,blog
https://fight-oh.blogspot.com/2009/12/about-me.html,blog
https://fight-oh.blogspot.com/2009/12/waited-for-nothing.html,blog
https://fight-oh.blogspot.com/2009/12/christmas-at-random.html,blog
https://www.booktasticallymazing.com/post/be-not-far-from-me-by-mindy-mcginnis,blog
https://www.booktasticallymazing.com/post/beth-lucy,blog
https://fight-oh.blogspot.com/2005/03/fighting-for-my-own-future.html,blog
https://fight-oh.blogspot.com/2005/03/ub-1-fourth-last-day.html,blog
https://fight-oh.blogspot.com/2021/04/consistently-inconsistent.html,blog
https://fight-oh.blogspot.com/2021/04/not-today.html,blog
https://fight-oh.blogspot.com/2012/09/akuma.html,blog
https://fight-oh.blogspot.com/2012/09/a-very-belated-birthday-post.html,blog
https://fight-oh.blogspot.com/2012/07/shiken-kekka.html,blog
https://fight-oh.blogspot.com/2009/12/testing-post.html,blog
https://fight-oh.blogspot.com/2009/12/ups-and-downs-in-tawau.html,blog
https://fight-oh.blogspot.com/2009/12/dec-9-at-random.html,blog
https://www.booktasticallymazing.com/post/blade-of-secrets,blog
https://www.booktasticallymazing.com/post/bookish-boyfriend-list,blog
https://www.booktasticallymazing.com/post/bookish-outfits-ya-girls,blog
https://fight-oh.blogspot.com/2005/03/ub-1-third-day.html,blog
https://fight-oh.blogspot.com/2005/03/ub-1-second-day.html,blog
https://fight-oh.blogspot.com/2021/04/greeting-april.html,blog
https://fight-oh.blogspot.com/2021/04/knit-and-read.html,blog
https://fight-oh.blogspot.com/2021/03/weird-proud-french.html,blog
https://fight-oh.blogspot.com/2021/03/its-not-january-yet.html,blog
https://fight-oh.blogspot.com/2012/07/bitter-aftertaste.html,blog
https://fight-oh.blogspot.com/2012/07/naru-hodo.html,blog
https://fight-oh.blogspot.com/2012/07/still-nervous.html,blog
https://fight-oh.blogspot.com/2012/07/another-exam-next-week.html,blog
https://fight-oh.blogspot.com/2012/05/katta.html,blog
https://fight-oh.blogspot.com/2009/11/imaginary-questions.html,blog
https://fight-oh.blogspot.com/2009/11/5-flavours-inside-memory-box.html,blog
https://fight-oh.blogspot.com/2009/11/keeping-diary.html,blog
https://fight-oh.blogspot.com/2009/11/nablopomo-so-far.html,blog
https://fight-oh.blogspot.com/2009/11/boring-2005-post.html,blog
https://hey.georgie.nu/evening-bondi/,blog
https://hey.georgie.nu/hey-geronimo-goodgod/,blog
https://hey.georgie.nu/evening-bondi/,blog
https://hey.georgie.nu/hey-geronimo-goodgod/,blog
https://hey.georgie.nu/the-standard/,blog
https://hey.georgie.nu/20blog3-08-0blog/,blog
https://hey.georgie.nu/chur-burger-surry-hills/,blog
https://hey.georgie.nu/evening-bondi/,blog
https://hey.georgie.nu/a-day-in-the-life-august-20blog4/,blog
https://hey.georgie.nu/bus-stop-adventures/,blog
https://hey.georgie.nu/bus-stop-adventures/,blog
https://hey.georgie.nu/2m40s-josh/,blog
https://hey.georgie.nu/fashion-friday-hello-georgie/,blog
https://hey.georgie.nu/chur-burger-surry-hills/,blog
https://hey.georgie.nu/20blog3-08-blog2/,blog
https://hey.georgie.nu/pizza/,blog
https://hey.georgie.nu/sharing-is-an-art/,blog
https://hey.georgie.nu/because-of-my-grace/,blog
https://hey.georgie.nu/the-valiant-commentary/,blog
https://hey.georgie.nu/fashion-friday-hello-georgie/,blog
https://hey.georgie.nu/review-helene-box/,blog
https://hey.georgie.nu/the-valiant-commentary/,blog
https://hey.georgie.nu/diptych0blog/,blog
https://hey.georgie.nu/20blog2-03-04/,blog
https://hey.georgie.nu/diptych02/,blog
https://hey.georgie.nu/20blog2-03-05-2/,blog
https://hey.georgie.nu/diptych03/,blog
https://hey.georgie.nu/20blog2-03-07-2/,blog
https://hey.georgie.nu/diptych04/,blog
https://hey.georgie.nu/20blog2-03-09-2/,blog
https://hey.georgie.nu/diptych05/,blog
https://hey.georgie.nu/review-helene-box/,blog
https://hey.georgie.nu/world-photography-day-20blog4/,blog
https://hey.georgie.nu/20blog2-03-blog0-2/,blog
https://hey.georgie.nu/diptych06/,blog
https://hey.georgie.nu/20blog2-03-blogblog/,blog
https://hey.georgie.nu/diptych07/,blog
https://hey.georgie.nu/20blog2-03-blog2/,blog
https://hey.georgie.nu/diptych08/,blog
https://hey.georgie.nu/20blog2-03-blog4-2/,blog
https://hey.georgie.nu/diptych09/,blog
https://hey.georgie.nu/20blog2-03-blog8-2/,blog
https://hey.georgie.nu/diptychblog0/,blog
https://hey.georgie.nu/20blog2-03-blog9/,blog
https://hey.georgie.nu/diptychblogblog/,blog
https://hey.georgie.nu/20blog2-03-20-2/,blog
https://hey.georgie.nu/world-photography-day-20blog4/,blog
https://hey.georgie.nu/bffl-2/,blog
https://hey.georgie.nu/raptors/,blog
https://hey.georgie.nu/diptychblog2/,blog
https://hey.georgie.nu/20blog2-03-22-2/,blog
https://hey.georgie.nu/jeremy-neale-palms-oxford-art-factory/,blog
https://hey.georgie.nu/raptors/,blog
https://hey.georgie.nu/greta-mob-fbi-social/,blog
https://hey.georgie.nu/raptors/,blog
https://hey.georgie.nu/define-panache/,blog
https://hey.georgie.nu/2m40s-bhairavee/,blog
https://hey.georgie.nu/2m40s-bhairavee/,blog
https://hey.georgie.nu/fashion-friday-blue-black/,blog
https://hey.georgie.nu/greta-mob-fbi-social/,blog
https://hey.georgie.nu/fashion-friday-blue-black/,blog
https://hey.georgie.nu/monthly-music-august-20blog4/,blog
https://hey.georgie.nu/things-i-miss-armor-for-sleep/,blog
https://hey.georgie.nu/joined-gym/,blog
https://hey.georgie.nu/fashion-friday-raining-diamonds/,blog
https://hey.georgie.nu/fin/,blog
https://hey.georgie.nu/review-helene-box-aug20blog4/,blog
https://hey.georgie.nu/greta-mob-fbi-social/,blog
https://hey.georgie.nu/20blog3-07-blog4/,blog
https://hey.georgie.nu/castlecomer-blog/,blog
https://hey.georgie.nu/2m40s-cookie/,blog
https://hey.georgie.nu/breakfast/,blog
https://hey.georgie.nu/meetup/,blog
https://hey.georgie.nu/ff-nirvana/,blog
https://hey.georgie.nu/castlecomer-2-2/,blog
https://hey.georgie.nu/castlecomer-3/,blog
https://hey.georgie.nu/castlecomer-4/,blog
https://hey.georgie.nu/castlecomer-5/,blog
https://hey.georgie.nu/castlecomer-6/,blog
https://hey.georgie.nu/castlecomer-7/,blog
https://hey.georgie.nu/castlecomer-8/,blog
https://hey.georgie.nu/castlecomer-9/,blog
https://hey.georgie.nu/castlecomer-blog0/,blog
https://hey.georgie.nu/castlecomer-blogblog/,blog
https://hey.georgie.nu/castlecomer-blog2/,blog
https://hey.georgie.nu/jeremy-neale-label-state-pop-up-store/,blog
https://hey.georgie.nu/castlecomer-blog3/,blog
https://hey.georgie.nu/ff-nirvana/,blog
https://hey.georgie.nu/canberra/,blog
https://hey.georgie.nu/jeremy-neale-label-state-pop-up-store/,blog
https://hey.georgie.nu/lime-cordiale-the-standard/,blog
https://hey.georgie.nu/monica/,blog
https://hey.georgie.nu/2m40s-raphael/,blog
https://hey.georgie.nu/a-day-in-the-life-september-20blog4/,blog
https://hey.georgie.nu/monthly-music-september-20blog4/,blog
https://hey.georgie.nu/best-worst-salad/,blog
https://hey.georgie.nu/smile-2/,blog
https://hey.georgie.nu/geologist/,blog
https://hey.georgie.nu/hey-geronimo-goodgod/,blog
https://hey.georgie.nu/fashion-friday-pedicure/,blog
https://hey.georgie.nu/fashion-friday-polkadots/,blog
https://hey.georgie.nu/things-i-miss-penpals/,blog
https://hey.georgie.nu/sick-workaholic/,blog
https://hey.georgie.nu/blue-mountains-botanic-gardens/,blog
https://hey.georgie.nu/fashion-friday-polkadots/,blog
https://www.google.com,not-blog
https://www.youtube.com,not-blog
https://www.facebook.com,not-blog
https://www.yahoo.com,not-blog
https://www.acbar.org,not-blog
https://www.bbc.com,not-blog
https://www.wikipedia.org,not-blog
https://www.jobs.af,not-blog
https://www.live.com,not-blog
https://www.espncricinfo.com,not-blog
https://www.blogfa.com,not-blog
https://www.azadiradio.com,not-blog
https://www.msn.com,not-blog
https://www.ask.com,not-blog
https://www.instagram.com,not-blog
https://www.flyariana.com,not-blog
https://www.linkedin.com,not-blog
https://www.twitter.com,not-blog
https://www.blogspot.com,not-blog
https://www.state.gov,not-blog
https://www.zapmeta.ws,not-blog
https://www.microsoft.com,not-blog
https://www.taand.com,not-blog
https://www.wordpress.com,not-blog
https://www.trackmedia101.com,not-blog
https://www.aliexpress.com,not-blog
https://www.tolonews.com,not-blog
http://teens.aol.com/entertainment/good-charlotte,not-blog
http://kids.aol.com/music/artists-a-z/good-charlotte/videos,not-blog
http://www.mtv.com/music/artist/gorillaz/artist.jhtml#/music/artist/gorillaz/artist.jhtml,not-blog
http://www.gorillaz-unofficial.com/,not-blog
http://en.wikipedia.org/wiki/gorillaz,not-blog
http://gorillaz.com/,not-blog
http://www.hanson.net/,not-blog
http://www.vh1.com/artists/az/hanson/artist.jhtml,not-blog
http://www.mmmboptastic.com/,not-blog
http://www.allmusic.com/cg/amg.dll?p=amg&amp;token=&amp;sql=11:yihxlfhehcqy,not-blog
http://kids.aol.com/music/artists-a-z/hanson/videos,not-blog
http://en.wikipedia.org/wiki/darren_hayes,not-blog
http://www.buckhowdy.com/,not-blog
http://www.geocities.com/jewelthisway/enter.htm,not-blog
http://www.jeweljk.com/,not-blog
http://en.wikipedia.org/wiki/jewel_kilcher,not-blog
http://kids.aol.com/music/artists-a-z/jewel,not-blog
http://www.jojoonline.com/,not-blog
http://www.mtv.com/movies/news/articles/1525003/story.jhtml,not-blog
http://kids.aol.com/music/artists-a-z/jojo/videos,not-blog
http://en.wikipedia.org/wiki/jojo_%28singer%29,not-blog
http://en.wikipedia.org/wiki/jack_johnson_%28musician%29,not-blog
http://www.jackjohnsonmusic.com/,not-blog
http://www.rollingstone.com/artists/jackjohnson,not-blog
http://kids.aol.com/music/artists-a-z/the-jonas-brothers/videos,not-blog
http://www.jonasbrothersfan.com,not-blog
http://j5freak.tripod.com/,not-blog
http://www.muchmusic.com/music/artists/index.asp?artist=11,not-blog
http://www.mtv.com/bands/az/lavigne_avril/artist.jhtml,not-blog
http://www.freewebs.com/avril_lavigne_rowkz/,not-blog
http://www.avrilbandaids.com/,not-blog
http://www.avrillavigne.com/,not-blog
http://kids.aol.com/music/artists-a-z/avril-lavigne/videos,not-blog
http://kids.aol.com/style/star-style/stages-of-stardom/avril-lavigne,not-blog
http://www.linkinpark.com/,not-blog
http://www.angelfire.com/band/linkinpark/lyrics5.html,not-blog
http://www.geocities.com/lpgirl1516/linkinpark.html,not-blog
http://www.freewebs.com/lpxtreme/,not-blog
http://www.freewebs.com/lilwriter/,not-blog
http://www.mtv.com/music/#/music/artist/mario/artist.jhtml,not-blog
http://www.bbc.co.uk/films/special_features/harry_potter/,not-blog
http://www.imdb.com/title/tt0339291/,not-blog
http://www.comingsoon.net/films.php?id=5595,not-blog
http://www.theonering.net/,not-blog
http://www.lordoftherings.net/,not-blog
http://www.geocities.com/stage_pryncess/the_middle_earth,not-blog
http://www.freewebs.com/lotrfanatic/,not-blog
http://www.geocities.com/lotrfunnystuff/,not-blog
http://heriwen.home.comcast.net/,not-blog
http://news.bbc.co.uk/cbbcnews/hi/find_out/specials/2001/lord_of_the_rings/,not-blog
http://www.theonering.com/,not-blog
http://www.tolkien-movies.com/,not-blog
http://www.council-of-elrond.com/,not-blog
http://whatisthematrix.warnerbros.com/,not-blog
http://www.freewebs.com/whatisthecreeltrix/,not-blog
http://filmforce.ign.com/objects/610/610056.html,not-blog
http://www.imdb.com/title/tt0449088/,not-blog
http://www.rottentomatoes.com/m/pirates_of_the_caribbean_3/,not-blog
http://en.wikipedia.org/wiki/pirates_of_the_caribbean:_at_worlds_end,not-blog
http://teens.aol.com/entertainment/pirates-of-the-caribbean-3,not-blog
http://disney.go.com/disneypictures/pirates/,not-blog
http://filmforce.ign.com/objects/570/570328.html,not-blog
http://www.imdb.com/title/tt0383574/,not-blog
http://www.rottentomatoes.com/m/pirates_of_the_caribbean_dead_mans_chest/,not-blog
http://en.wikipedia.org/wiki/pirates_of_the_caribbean:_dead_man's_chest,not-blog
http://www.usatoday.com/life/movies/reviews/2006-07-05-pirates-review_x.htm,not-blog
http://www.rollingstone.com/reviews/movie/6824598/review/10697901/pirates_of_the_caribbean_dead_mans_chest,not-blog
http://www.hollywoodreporter.com/thr/reviews/review_display.jsp?vnu_content_id=1002463842,not-blog
http://filmforce.ign.com/objects/662/662113.html,not-blog
http://www.imdb.com/title/tt0409182/,not-blog
http://www.rottentomatoes.com/m/poseidon/,not-blog
http://en.wikipedia.org/wiki/poseidon_(film),not-blog
http://www.ew.com/ew/article/review/movie/061151192889_1_0_00.html,not-blog
http://www.usatoday.com/life/movies/reviews/2006-05-10-poseidon_x.htm,not-blog
http://www.imdb.com/title/tt0482571/,not-blog
http://filmforce.ign.com/objects/776/776180.html,not-blog
http://www.rottentomatoes.com/m/prestige/,not-blog
http://www.comingsoon.net/news/movienews.php?id=16328,not-blog
http://en.wikipedia.org/wiki/the_prestige_%28film%29,not-blog
http://www.bbc.co.uk/films/2002/08/05/spy_kids_2_2002_review.shtml,not-blog
http://www.angelfire.com/film/spykids/,not-blog
http://www.starwars.com/,not-blog
http://www.starwars.com/kids/,not-blog
http://www.sonypictures.com/movies/stuartlittle/,not-blog
http://movies.yahoo.com/movie/1809426137/info,not-blog
http://www.nydailynews.com/entertainment/movies/2007/08/04/2007-08-04_have_no_fear_caped_k9_movie_isnt_a_dog.html,not-blog
http://movies.ign.com/objects/483/483091.html,not-blog
http://www.imdb.com/title/tt0467110/,not-blog
http://www.rottentomatoes.com/m/underdog/,not-blog
http://en.wikipedia.org/wiki/underdog_(film),not-blog
http://en.wikipedia.org/wiki/daddy_day_camp,not-blog
http://movies.ign.com/objects/903/903839.html,not-blog
http://www.imdb.com/title/tt0462244/,not-blog
http://www.rottentomatoes.com/m/daddy_day_camp/,not-blog
http://www.usatoday.com/life/movies/reviews/2007-08-07-daddy-day-camp_n.htm,not-blog
http://www.sonypictures.com/movies/daddydaycamp/,not-blog
http://www.usatoday.com/life/movies/reviews/2007-08-02-bratz_n.htm,not-blog
http://movies.ign.com/objects/860/860642.html,not-blog
http://www.imdb.com/title/tt0804452/,not-blog
http://www.rottentomatoes.com/m/bratz_the_movie/,not-blog
http://en.wikipedia.org/wiki/bratz_(film),not-blog
http://movies.yahoo.com/movie/1809823937/info,not-blog
http://movies.ign.com/objects/848/848695.html,not-blog
http://www.boston.com/movies/display?display=movie&amp;id=9209,not-blog
http://www.imdb.com/title/tt0453451/,not-blog
http://www.rottentomatoes.com/m/mr_beans_holiday/,not-blog
http://en.wikipedia.org/wiki/mr._bean's_holiday,not-blog
http://movies.yahoo.com/movie/1809697060/info,not-blog
http://rogerebert.suntimes.com/apps/pbcs.dll/article?aid=/20071115/reviews/711150302/1023,not-blog
http://www.usatoday.com/life/movies/reviews/2007-11-15-magoriums-review_n.htm,not-blog
http://movies.ign.com/objects/743/743752.html,not-blog
http://www.imdb.com/title/tt0457419/,not-blog
http://www.rottentomatoes.com/m/mr_magoriums_wonder_emporium/,not-blog
http://movies.yahoo.com/movie/1808744930/info,not-blog
http://rogerebert.suntimes.com/apps/pbcs.dll/article?aid=/20071120/reviews/711200302,not-blog
http://movies.ign.com/objects/050/050108.html,not-blog
http://www.imdb.com/title/tt0461770/,not-blog
http://www.rottentomatoes.com/m/enchanted/,not-blog
http://en.wikipedia.org/wiki/enchanted_(2007_film),not-blog
http://movies.yahoo.com/movie/1809426456/info,not-blog
http://movies.nytimes.com/2007/11/21/movies/21ench.html?ref=movies,not-blog
http://www.calendarlive.com/movies/reviews/cl-et-ella9apr092307067.story,not-blog
http://movies.ign.com/objects/858/858299.html,not-blog
http://en.wikipedia.org/wiki/the_spiderwick_chronicles_(film),not-blog
http://www.imdb.com/title/tt0416236/,not-blog
http://www.rottentomatoes.com/m/spiderwick_chronicles/,not-blog
http://www.rottentomatoes.com/m/kit_kittredge_an_american_girl/,not-blog
http://www.usatoday.com/life/movies/reviews/2008-06-19-kit-kittredge-american-girl_n.htm,not-blog
http://www.tvguide.com/movies/kit-kittredge-american/review/293492,not-blog
http://www.calendarlive.com/movies/reviews/cl-et-kittredge20-2008jun2003977138.story,not-blog
http://www.hollywoodreporter.com/hr/film/reviews/article_display.jsp?jsessionid=lgmhld8j9yn72vt3khnh3chxl1xqzgyhltfxgjyny2h3s9zhptrd!1587555933&amp;&amp;rid=11282,not-blog
http://movies.ign.com/objects/142/14225998.html,not-blog
http://www.rottentomatoes.com/m/10008587-beverly_hills_chihuahua/,not-blog
http://www.boston.com/movies/display?display=movie&amp;id=10569,not-blog
http://www.usatoday.com/life/movies/reviews/2008-10-02-beverly-hills-chihuahua_n.htm,not-blog
http://www.hollywoodreporter.com/hr/film/reviews/article_display.jsp?jsessionid=fwkxlhwjrww7ml2k1mv7nwtqtlsx5jptvk30bxnl03txjlnn2y8r!284175161&amp;&amp;rid=11730,not-blog
http://www.rottentomatoes.com/m/10008588-journey_3d/,not-blog
http://www.tvguide.com/movies/journey-center-earth/review/293497,not-blog
http://www.usatoday.com/life/movies/reviews/2008-07-10-journey-to-center-of-earth_n.htm,not-blog
http://www.dollarink.com/,not-blog
http://www.inkpalace.com/,not-blog
http://printerfillingstation.com/,not-blog
http://www.inkpal.com/,not-blog
http://www.ink-jet.com/,not-blog
http://www.robinlionheart.com/conlang/dnicolors,not-blog
http://www.wired.com/wired/archive/2.08/myst.html,not-blog
http://www.worldvillage.com/myst.htm,not-blog
http://www.angelfire.com/in/singingbird/,not-blog
http://www.angelfire.com/in2/myst/,not-blog
http://www.mystmasterpiece.com/,not-blog
http://www.geocities.com/allapo04/,not-blog
http://www.mobygames.com/game/myst,not-blog
http://www.desires.com/1.7/toys/myst/docs/tocrrk.html,not-blog
http://www.gamegenie.com/cheats/pc/myst.shtml,not-blog
http://www.visi.com/~cpj1/myst/myst1/,not-blog
http://www.uhs-hints.com/uhsweb/myst.php,not-blog
http://www.angelfire.com/hero/tjekanefir/myst.htm,not-blog
http://www.worldvillage.com/wv/gamezone/html/reviews/myst.htm,not-blog
http://www.adventurecollective.com/reviews/myst.htm,not-blog
http://www.pibweb.com/review/myst.html,not-blog
http://www.gamespot.com/ps/adventure/myst/,not-blog
http://www.epinions.com/pr-myst/display_~reviews,not-blog
http://www.gamerevolution.com/oldsite/games/sony/myst.htm,not-blog
http://www.myst3.com/,not-blog
http://www.gamespot.com/features/myst3_dd/,not-blog
http://www.geocities.com/prisononmyst3/index.html,not-blog
http://www.mystellany.com/,not-blog
http://www.uhs-hints.com/uhsweb/myst3.php,not-blog
http://www.angelfire.com/hero/tjekanefir/exile.htm,not-blog
http://www.bellaonline.com/gaming/w/myst3/,not-blog
http://www.eblong.com/zarf/gamerev/myst3.html,not-blog
http://www.salon.com/tech/review/2001/05/29/myst3/,not-blog
http://www.brasslantern.org/reviews/graphic/myst3.html,not-blog
http://www.justadventure.com/reviews/myst_3/myst_3_2.shtm,not-blog
http://news.bbc.co.uk/1/hi/entertainment/reviews/1543087.stm,not-blog
http://www.pibweb.com/review/myst3.html,not-blog
http://www.gamespot.com/pc/adventure/myst3exile/,not-blog
http://www.gamespot.com/ps2/adventure/myst3exile/,not-blog
http://www.gamespot.com/xbox/adventure/myst3exile/,not-blog
http://www.gameindustry.com/review/item.asp?id=353,not-blog
http://www.gamerevolution.com/oldsite/games/pc/adventure/myst_3_exile.htm,not-blog
http://www.gamespot.com/pc/adventure/myst3exile/review.html,not-blog
http://www.womengamers.com/revprev/adv/exc-myst3.php,not-blog
http://www.womengamers.com/revprev/adv/myst3.php,not-blog
http://www.gamespot.com/news/2004/04/05/news_6092886.html,not-blog
http://www.mystobsession.com/,not-blog
http://www.justadventure.com/previews/mystiv/myst4.shtm,not-blog
http://www.gamespot.com/pc/adventure/myst4revelation/preview_6096602.html,not-blog
http://www.gameboomers.com/reviews/mm/mystivbygremlin.htm,not-blog
http://www.gameindustry.com/review/item.asp?id=484,not-blog
http://www.gameindustry.com/review/item.asp?id=604,not-blog
http://www.realmyst.com/,not-blog
http://www.justadventure.com/reviews/realmyst/realmyst.shtm,not-blog
http://www.justadventure.com/articles/realmyst/realmyst.shtm,not-blog
http://www.adventurecollective.com/reviews/realmyst.htm,not-blog
http://www.eblong.com/zarf/gamerev/realmyst.html,not-blog
http://www.fourfatchicks.com/reviews/realmyst/realmyst.shtml,not-blog
http://www.gamespot.com/pc/adventure/realmyst/review.html,not-blog
http://www.salonmagazine.com/21st/feature/1998/03/02feature.html,not-blog
http://www.geocities.com/timessquare/chasm/5294/base.htm,not-blog
http://www.interiority.com/riven/,not-blog
http://www.uhs-hints.com/uhsweb/riven.php,not-blog
http://www.angelfire.com/hero/tjekanefir/riven.htm,not-blog
http://www.the-spoiler.com/adventure/broderbund/riven.1/riven.htm,not-blog
http://www.worldvillage.com/wv/gamezone/html/reviews/riven.htm,not-blog
http://www.adventurecollective.com/reviews/riven.htm,not-blog
http://www.epinions.com/game-software-all-playstation-riven,not-blog
http://www.pibweb.com/review/riven.html,not-blog
http://www.christianitytoday.com/cl/8c6/8c6034.html,not-blog
http://www.theatlantic.com/unbound/digicult/dc9711.htm,not-blog
http://www.eblong.com/zarf/gamerev/riven.html,not-blog
http://www.gamespot.com/pc/adventure/riventhesequeltomyst/,not-blog
http://www.gamerevolution.com/oldsite/games/mac/riven.htm,not-blog
http://www.gamespot.com/pc/adventure/riventhesequeltomyst/review.html,not-blog
http://www.uruobsession.com/,not-blog
http://www.gigagiggles.com/,not-blog
http://www.petitiononline.com/savelive/petition.html,not-blog
http://www.cyanworlds.com/?page=letter,not-blog
http://www.gamefaqs.com/computer/doswin/data/561642.html,not-blog
http://www.wired.com/wired/archive/11.06/play.html,not-blog
http://www.gamespot.com/pc/adventure/uruonlineagesbeyondmyst/index.html,not-blog
http://www.adventuregamers.com/display.php?id=263,not-blog
http://www.macobserver.com/columns/justathought/2003/20030527.shtml,not-blog
http://www.eblong.com/zarf/gamerev/uru.html,not-blog
http://www.fourfatchicks.com/reviews/uru/uru.shtml,not-blog
http://www.adventuregamers.com/display.php?id=347,not-blog
http://www.adventuregamers.com/display.php?id=330,not-blog
http://www.adventuregamers.com/display.php?id=316,not-blog
http://www.gameindustry.com/review/item.asp?id=21,not-blog
http://www.gamershell.com/pc/uru_ages_beyond_myst/review.html,not-blog
http://www.gameboomers.com/reviews/mm/mystdruidsbygremlin.htm,not-blog
http://www.uhs-hints.com/uhsweb/mystmumm.php,not-blog
http://www.angelfire.com/hero/tjekanefir/mummy.htm,not-blog
http://www.gameboomers.com/wtcheats/pcss/shmysterymummy.htm,not-blog
http://www.adventurelantern.com/reviews/mysteryofthemummy/mysteryofthemummy.htm,not-blog
http://www.gameboomers.com/wtcheats/pcnn/nddeception.htm,not-blog
http://www.uhs-hints.com/uhsweb/ndrew9.php,not-blog
http://www.bellaonline.com/gaming/w/gd/strategy_lib_gdwalk.html,not-blog
http://www.uhs-hints.com/uhsweb/ndrew7.php,not-blog
http://www.the-spoiler.com/adventure/her.interactive/nancy.drew.ghost.dogs.of.moon.lake.1/ndgdomlwt.htm,not-blog
http://www.angelfire.com/hero/tjekanefir/drew-dogs.htm,not-blog
http://www.uhs-hints.com/uhsweb/ndrew3.php,not-blog
http://www.angelfire.com/hero/tjekanefir/drew-haunted.htm,not-blog
http://www.adventurelantern.com/walkthroughs/nancydrew3/nancydrew3.htm,not-blog
http://www.uhs-hints.com/uhsweb/ndrew6.php,not-blog
http://www.justadventure.com/walkthroughs/nancydrewssh/nancydrewssh.shtm,not-blog
http://www.angelfire.com/hero/tjekanefir/drew-scarlet.htm,not-blog
http://www.adventurecollective.com/reviews/nancydrewsecretscankill.htm,not-blog
http://www.angelfire.com/hero/tjekanefir/drew-secrets.htm,not-blog
http://www.uhs-hints.com/uhsweb/ndrew1.php,not-blog
http://www.adventurelantern.com/walkthroughs/nancydrew/nancydrew.htm,not-blog
http://www.uhs-hints.com/uhsweb/ndrew2.php,not-blog
http://www.gameboomers.com/wtcheats/pcnn/staytunedfordanger.html,not-blog
http://www.angelfire.com/hero/tjekanefir/drew-tuned.htm,not-blog
http://www.uhs-hints.com/articles/reviews/ndrew5.php,not-blog
http://www.uhs-hints.com/uhsweb/ndrew5.php,not-blog
http://www.angelfire.com/hero/tjekanefir/drew-final.htm,not-blog
http://www.uhs-hints.com/uhsweb/ndrew8.php,not-blog
http://www.uhs-hints.com/uhsweb/ndrew4.php,not-blog
http://www.angelfire.com/hero/tjekanefir/drew-tower.htm,not-blog
http://www.justadventure.com/walkthroughs/tallyho/walkthroughs/nancy%20drew/treasure%20in%20the%20royal%20tower/nd4.htm,not-blog
http://www.gamespot.com/features/neverhood/,not-blog
http://www.gamespot.com/features/neverhood/interview/tn_index.html,not-blog
http://www.justadventure.com/reviews/neverhood/neverhood_review.shtm,not-blog
http://www.gamespot.com/pc/adventure/neverhood/review.html,not-blog
http://www.gamespot.com/pc/adventure/newadventuresofthetm/,not-blog
http://www.gamezone.com/gzreviews/r15480.htm,not-blog
http://www.angelfire.com/hero/tjekanefir/nibiru.htm,not-blog
http://www.uhs-hints.com/uhsweb/nibiru.php,not-blog
http://www.adventurelantern.com/walkthroughs/nibiru/nibiru.htm,not-blog
http://www.justadventure.com/walkthroughs/tallyho/walkthroughs/nibiru/nibirusl.htm,not-blog
http://www.eblong.com/zarf/gamerev/nightfall.html,not-blog
http://www.altorsys.com/htmlaltor/game.html,not-blog
http://www.gamespot.com/news/2464620.html,not-blog
http://www.mobygames.com/game/sheet/gameid1999/,not-blog
http://www.gamespot.com/features/obsidian/,not-blog
http://www.gamespot.com/pc/adventure/obsidian/,not-blog
http://www.pibweb.com/review/obsidian.html,not-blog
http://www.eblong.com/zarf/gamerev/obsidian.html,not-blog
http://www.theatlantic.com/unbound/digicult/dc9612/dc9612.htm,not-blog
http://www.gamespot.com/pc/adventure/obsidian/review.html,not-blog
http://www.uhs-hints.com/uhsweb/odyssey.php,not-blog
http://www.gamezone.com/gzreviews/r15398.htm,not-blog
http://www.gamespot.com/ps2/adventure/okami/,not-blog
http://www.1up.com/do/previewpage?cid=3134929&amp;did=1,not-blog
http://www.fileplanet.com/99119/0/section/okami,not-blog
http://www.armchairempire.com/reviews/pc%20games/omikron.htm,not-blog
http://www.gamespot.com/dreamcast/adventure/omikron/,not-blog
http://www.gamespot.com/pc/adventure/omikronthenomadsoul/,not-blog
http://www.uhs-hints.com/uhsweb/omikron.php,not-blog
http://www.outcast-thegame.com/,not-blog
http://www.gamespot.com/pc/adventure/outcast/,not-blog
http://www.thecomputershow.com/computershow/walkthroughs/phantasmagoriawalk.htm,not-blog
http://www.justadventure.com/reviews/phantasmagoria/phantasmagoria_review.shtm,not-blog
http://www.geocities.com/ataniel/goriareview.htm,not-blog
http://www.gamespot.com/pc/adventure/phantasmagoria2apof/,not-blog
http://www.justadventure.com/articles/teenage/police_quest.shtm,not-blog
http://www.adventurecollective.com/editorials/editorial-briefhistoryofpolicequest.htm,not-blog
http://www.gamewinners.com/ast/policequest.htm,not-blog
http://www.adventurecollective.com/reviews/policequesti.htm,not-blog
http://www.cheatcc.com/pc/policeq3.html,not-blog
http://www.gamewinners.com/mac/policequest4.htm,not-blog
http://www.adventurecollective.com/reviews/openseason.htm,not-blog
http://www.fileplanet.com/29839/0/section/swat-series,not-blog
http://www.gamespot.com/pc/strategy/policequestswat/,not-blog
http://www.gamespot.com/pc/strategy/policequestswat2/,not-blog
http://www.gamerevolution.com/oldsite/games/pc/sim/swat_2.htm,not-blog
http://www.angelfire.com/az/swatclan/,not-blog
http://www.gamespot.com/pc/action/swat3closequartersbattle/,not-blog
http://www.gamezone.com/gzreviews/r15348.htm,not-blog
http://www.gamezone.com/gzreviews/r19213.htm,not-blog
http://www.fileplanet.com/29920/section/swat-4,not-blog
http://www.cheatscodesguides.com/pc-cheats/swat-4/,not-blog
http://www.geocities.com/ataniel/goriareview.htm,not-blog
http://www.gamespot.com/pc/adventure/phantasmagoria2apof/,not-blog
http://www.justadventure.com/articles/teenage/police_quest.shtm,not-blog
http://www.adventurecollective.com/editorials/editorial-briefhistoryofpolicequest.htm,not-blog
http://www.gamewinners.com/ast/policequest.htm,not-blog
http://www.adventurecollective.com/reviews/policequesti.htm,not-blog
http://www.cheatcc.com/pc/policeq3.html,not-blog
http://www.gamewinners.com/mac/policequest4.htm,not-blog
http://www.adventurecollective.com/reviews/openseason.htm,not-blog
http://www.fileplanet.com/29839/0/section/swat-series,not-blog
http://www.geocities.com/ataniel/goriareview.htm,not-blog
http://www.gamespot.com/pc/adventure/phantasmagoria2apof/,not-blog
http://www.justadventure.com/articles/teenage/police_quest.shtm,not-blog
http://www.adventurecollective.com/editorials/editorial-briefhistoryofpolicequest.htm,not-blog
http://www.gamewinners.com/ast/policequest.htm,not-blog
http://www.adventurecollective.com/reviews/policequesti.htm,not-blog
http://www.cheatcc.com/pc/policeq3.html,not-blog
http://www.gamewinners.com/mac/policequest4.htm,not-blog
http://www.adventurecollective.com/reviews/openseason.htm,not-blog
http://www.fileplanet.com/29839/0/section/swat-series,not-blog
http://www.gamespot.com/pc/strategy/policequestswat2/,not-blog
http://www.gamerevolution.com/oldsite/games/pc/sim/swat_2.htm,not-blog
http://www.angelfire.com/az/swatclan/,not-blog
http://www.gamespot.com/pc/action/swat3closequartersbattle/,not-blog
http://www.gamezone.com/gzreviews/r15348.htm,not-blog
http://www.gamezone.com/gzreviews/r19213.htm,not-blog
http://www.fileplanet.com/29920/section/swat-4,not-blog
http://www.cheatscodesguides.com/pc-cheats/swat-4/,not-blog
http://www.gamespot.com/pc/action/swat4/,not-blog
http://www.gamepro.com/computer/pc/games/reviews/44318.shtml,not-blog
http://www.gamefaqs.com/computer/doswin/data/920508.html,not-blog
http://www.fileplanet.com/103092/0/section/swat-4:-the-stetchkov-syndicate-,not-blog
http://www.gamespot.com/pc/action/swat4stetchkovsyndicate/,not-blog
http://www.1up.com/do/previewpage?cid=3147960&amp;did=1,not-blog
http://www.gamefaqs.com/computer/doswin/data/930133.html,not-blog
http://www.gamespot.com/psp/action/swattargetliberty/review.html?om_act=convert&amp;om_clk=gssummary&amp;tag=summary;review,not-blog
http://www.1up.com/do/gameoverview?cid=3158841,not-blog
http://www.eurogamer.net/article.php?article_id=85882,not-blog
http://www.justadventure.com/reviews/pompei/pompei.shtm,not-blog
http://www.eblong.com/zarf/gamerev/timescapepompeii.html,not-blog
http://www.mrbillsadventureland.com/reviews/o-p/pompeir/pompeir.htm,not-blog
http://www.justadventure.com/reviews/pompei/pompei2.shtm,not-blog
http://www.fileplanet.com/78989/0/section/post-mortem,not-blog
http://www.gamefaqs.com/computer/doswin/data/561419.html,not-blog
http://www.gamespot.com/pc/adventure/postmortem/,not-blog
http://www.balmoralsoftware.com/qin/qin.htm,not-blog
http://www.mobygames.com/game/sheet/gameid8394/,not-blog
http://www.gtpcc.org/gtpcc/bioscopia.htm,not-blog
http://www.angelfire.com/hero/tjekanefir/chemicus.htm,not-blog
http://www.gameboomers.com/wtcheats/pccc/chemicus.htm,not-blog
http://www.gtpcc.org/gtpcc/chemicus.htm,not-blog
http://www.eblong.com/zarf/gamerev/chemicus.html,not-blog
http://www.brasslantern.org/reviews/graphic/chemicuscater.html,not-blog
http://www.gameindustry.com/review/item.asp?id=167,not-blog
http://www.uhs-hints.com/uhsweb/physicus.php,not-blog
http://www.angelfire.com/hero/tjekanefir/physicus.htm,not-blog
http://www.justadventure.com/walkthroughs/physicus/physicus_walkthrough.html,not-blog
http://www.mysterymanor.net/reviewphysicus.htm,not-blog
http://www.gtpcc.org/gtpcc/physicus.htm,not-blog
http://www.gotgameentertainment.com/capri/,not-blog
http://www.gameboomers.com/wtcheats/pcww/weekendincapri.htm,not-blog
http://www.pibweb.com/review/capri.html,not-blog
http://www.justadventure.com/reviews/weekend_at_capri/weekendatcapri.shtm,not-blog
http://www.gameboomers.com/reviews/qq/capribysyd.htm,not-blog
http://www.mrbillsadventureland.com/reviews/c-d/caprir/caprir.htm,not-blog
http://www.gamechronicles.com/reviews/pc/weekend/capri.htm,not-blog
http://www.gameindustry.com/review/item.asp?id=184,not-blog
http://www.justadventure.com/reviews/reah/reah_review.shtm,not-blog
http://www.activewin.com/reviews/software/games/r/reah_dvd.shtml,not-blog
http://www.gamespot.com/pc/adventure/reah/,not-blog
http://www.realmsofthehaunting.com,not-blog
http://www.gamefaqs.com/computer/doswin/data/198432.html,not-blog
http://www.gamespot.com/pc/action/realmsofthehaunting/,not-blog
http://www.gamerevolution.com/oldsite/games/pc/adventure/realms.htm,not-blog
http://www.rhem-game.com/,not-blog
http://www.eblong.com/zarf/gamerev/rhem.html,not-blog
http://www.fourfatchicks.com/reviews/rhem/rhem.shtml,not-blog
http://www.fourfatchicks.com/rants/interviews/knut_muller/knut_muller.shtml,not-blog
http://www.gameindustry.com/review/item.asp?id=140,not-blog
http://www.gameindustry.com/review/item.asp?id=595,not-blog
http://www.gameboomers.com/wtcheats/pcoo/omegastone.htm,not-blog
http://www.angelfire.com/hero/tjekanefir/omega.htm,not-blog
http://www.uhs-hints.com/uhsweb/tos.php,not-blog
http://www.theomegastone.com/,not-blog
http://www.gamespot.com/pc/adventure/omegastone/index.html,not-blog
http://www.mobygames.com/game/sheet/gameid=2801/,not-blog
http://www.uhs-hints.com/uhsweb/rots.php,not-blog
http://www.riddleofthesphinx.com/,not-blog
http://www.geocities.com/ataniel/sphinx2.htm,not-blog
http://www.gameboomers.com/wtcheats/pcrr/riddleofthesphinx.html,not-blog
http://www.gamespot.com/pc/adventure/riddleofthesphinxanea/,not-blog
http://www.eblong.com/zarf/gamerev/riddlesphinx.html,not-blog
http://www.gamespot.com/pc/adventure/ringthelegendofthen/,not-blog
http://www.mobygames.com/game/sheet/gameid2029,not-blog
http://www.gamespot.com/pc/adventure/robertawilliamsanthology/,not-blog
http://www.gamerevolution.com/oldsite/games/pc/adventure/roberta.htm,not-blog
http://www.mobygames.com/game/sheet/gameid=2664/,not-blog
http://www.gamespot.com/pc/adventure/spqrtheempiresdarkesthour/,not-blog
http://www.fortunecity.com/meltingpot/neches/158/snm1.htm,not-blog
http://www.samandmax.net/,not-blog
http://www.the-spoiler.com/adventure/lucas.arts/sam.and.max.hit.the.road.html,not-blog
http://www.gamefaqs.com/computer/mac/game/583709.html,not-blog
http://www.gamershell.com/download_4684.shtml,not-blog
http://www.mrbillsadventureland.com/reviews/s-t/samnmaxr/samnmaxr.htm,not-blog
http://www.loonygames.com/content/1.1/bgnbn/,not-blog
http://www.gamershell.com/pc/sam_max_hit_the_road/review.html,not-blog
http://www.uhs-hints.com/uhsweb/starium.php,not-blog
http://www.thecomputershow.com/computershow/walkthroughs/sanitariumwalk.htm,not-blog
http://www.justadventure.com/walkthroughs/crash4ever/present/sanitarium/sanitarium.shtm,not-blog
http://www.gameboomers.com/wtcheats/pcss/sanhsiao.htm,not-blog
http://www.pibweb.com/review/sanitarium.html,not-blog
http://www.gamespot.com/pc/adventure/sanitarium/,not-blog
http://www.geocities.com/ataniel/sanitreview.htm,not-blog
http://www.justadventure.com/reviews/sanitarium/sanitarium_review.shtm,not-blog
http://www.adventurecollective.com/reviews/elkmoonmurder.htm,not-blog
http://www.mobygames.com/game/sheet/gameid4802/,not-blog
http://www.gamespot.com/pc/adventure/elkmoonmurder/,not-blog
http://www.pibweb.com/review/sacred.html,not-blog
http://www.schizm.com/,not-blog
http://www.uhs-hints.com/uhsweb/schizm.php,not-blog
http://www.gamespot.com/pc/adventure/schizm/media.html,not-blog
http://www.justadventure.com/reviews/schizm/schizmcd.shtm,not-blog
http://www.justadventure.com/reviews/schizm/schizmdvd.shtm,not-blog
http://www.eblong.com/zarf/gamerev/schizm.html,not-blog
http://www.gamezone.com/gzreviews/r13936.htm,not-blog
http://www.gamespot.com/pc/adventure/schizm/,not-blog
http://www.gameindustry.com/review/item.asp?id=294,not-blog
http://www.fileplanet.com/101619/0/section/scratches,not-blog
